RESTAURANT,ADDRESS,,
EXTREME PIZZA #003,1062 FOLSOM ST,SAN FRANCISCO,CA
BEEP'S BURGERS,1051 OCEAN AVE,SAN FRANCISCO,CA
CLUB 1015,1015 FOLSOM ST,SAN FRANCISCO,CA
DADDY'S,440 CASTRO ST,SAN FRANCISCO,CA
FOLSOM FRONT OF HOUSE FSD,2 Folsom St,SAN FRANCISCO,CA
NICK THE GREEK,121 SPEAR STREET RINCON CENTER 2,SAN FRANCISCO,CA
ROUND TABLE PIZZA 753,737 PORTOLA DR,SAN FRANCISCO,CA
TEMPLE NIGHT CLUB,540 HOWARD ST,SAN FRANCISCO,CA
GROVE CAFE YERBA BUENA - FSD,690 Mission St,SAN FRANCISCO,CA
MIXT 10 PNTO,51 YERBA BUENA LN,SAN FRANCISCO,CA
FRATELLOS PIZZA,460 CASTRO ST,SAN FRANCISCO,CA
SOUTHERN PACIFIC BREW,620 TREAT AVE,SAN FRANCISCO,CA
ATWATER TAVERN,295 TERRY A FRANCOIS BLVD,SAN FRANCISCO,CA
CLUB X,715 HARRISON ST,SAN FRANCISCO,CA
DNA PIZZA,371 11TH STREET,SAN FRANCISCO,CA
IKES LOVE AND SANDWICHES 2ND LEVEL,3251 20TH AVE,SAN FRANCISCO,CA
DELIRIUM COCKTAIL,3139 16TH ST,SAN FRANCISCO,CA
"GOLD CLUB, THE-FSD",650 HOWARD STREET,SAN FRANCISCO,CA
MISSION ROCK,817 TERRY A FRANCOIS BLVD,SAN FRANCISCO,CA
OLD CLAM HOUSE,299 BAY SHORE BLVD,SAN FRANCISCO,CA
FRANKIE'S,PIER 40,SAN FRANCISCO,CA
YANK SING,101 SPEAR ST,SAN FRANCISCO,CA
POSH BAGEL CASTRO,495 CASTRO ST,SAN FRANCISCO,CA
MARTHA BROS - CHURCH ST.,1551 CHURCH ST,SAN FRANCISCO,CA
SOMA RESTAURANT & BAR,85 5TH ST,SAN FRANCISCO,CA
OASIS SAN FRANCISCO,298 11TH ST,SAN FRANCISCO,CA
HOLEY BAGEL,3872 24TH ST,SAN FRANCISCO,CA
THE CAFE,4820 ANZA ST,SAN FRANCISCO,CA
CHIEFTAIN IRISH PUB AND RESTAURANT,198 5TH ST,SAN FRANCISCO,CA
BALLAST POINT RESTAURANT,705 16TH ST,SAN FRANCISCO,CA
THE CAFE,2369 MARKET ST,SAN FRANCISCO,CA
IKE'S LOVE & SANDWICHES,3RD STREET & MISSION,SAN FRANCISCO,CA
KILOWATT,3160 16TH ST,SAN FRANCISCO,CA
B & J 1/4 LB BURGER,6202 3rd St,SAN FRANCISCO,CA
CLOONEYS PUB,1401 VALENCIA ST,SAN FRANCISCO,CA
AK SUBS,397 8TH ST,SAN FRANCISCO,CA
UMAI HOTDOGS,845 MARKET ST,SAN FRANCISCO,CA
FOXTAIL CATERING & EVENTS,2565 3RD ST,SAN FRANCISCO,CA
EXTREME PIZZA,3911 ALEMANY BLVD,SAN FRANCISCO,CA
111 MINNA,111 MINNA ST,SAN FRANCISCO,CA
CADILLAC BAR & GRILL,44 9TH ST,SAN FRANCISCO,CA
WILLOWS,1582 FOLSOM ST,SAN FRANCISCO,CA
LEMONADE YERBA BUENA,781 MISSION ST,SAN FRANCISCO,CA
BLONDIES BAR,540 VALENCIA ST,SAN FRANCISCO,CA
PORK STORE CAFE,3122 16TH ST,SAN FRANCISCO,CA
PUERTO ALEGRE,546 VALENCIA ST,SAN FRANCISCO,CA
SINOMBRE SF,312 HARRIET ST,SAN FRANCISCO,CA
RUTHS,3050 24TH ST,SAN FRANCISCO,CA
ESPOSTO'S DELI,1700 OWENS ST,SAN FRANCISCO,CA
BEAUX,2344 MARKET ST,SAN FRANCISCO,CA
MIXT 12 PNTO,901 VALENCIA ST,SAN FRANCISCO,CA
MILLER & LUX,700 TERRY A FRANCOIS BLVD,SAN FRANCISCO,CA
THE RUMPUS ROOM,10 6TH ST,SAN FRANCISCO,CA
GREAT STEAK & POTATO CO,3251 20TH AVE,SAN FRANCISCO,CA
25 LUSK RESTAURANT,25 LUSK ST,SAN FRANCISCO,CA
NOVY RESTAURANT,4000 24TH ST,SAN FRANCISCO,CA
END UP,401 6TH ST,SAN FRANCISCO,CA
UNO DOS TACO,595 MARKET ST,SAN FRANCISCO,CA
OASIS GRILL,100 1ST ST,SAN FRANCISCO,CA
VALLEY TAVERN,4054 24TH ST,SAN FRANCISCO,CA
REDS JAVA HOUSE,PIER 30,SAN FRANCISCO,CA
YOLIS PIZZA,715 HARRISON ST,SAN FRANCISCO,CA
CAFE BUENOS AIRES SF,590 3RD ST,SAN FRANCISCO,CA
TEQUILA MOCKINGBIRD,86 2ND ST,SAN FRANCISCO,CA
PIZZA ZONE N GRILL,178 VALENCIA ST,SAN FRANCISCO,CA
CAFE DU NORD,2174 MARKET ST,SAN FRANCISCO,CA
FIRE OF BRAZIL EXPRESS,845 MARKET ST,SAN FRANCISCO,CA
ROCKET SUSHI,1695 MARKET ST,SAN FRANCISCO,CA
HOUSE OF SHIELDS,39 NEW MONTGOMERY ST,SAN FRANCISCO,CA
CONNECTICUT YANKEE,100 CONNECTICUT ST,SAN FRANCISCO,CA
NATOMA CABANA,90 NATOMA ST,SAN FRANCISCO,CA
EL TOMATE INC,2904 24TH ST,SAN FRANCISCO,CA
TEMPEST BAR AND REST - FSD,431 Natoma St,SAN FRANCISCO,CA
MIXT 4 70 MISSION,70 MISSION ST,SAN FRANCISCO,CA
OASIS GRILL,200 4TH ST,SAN FRANCISCO,CA
GILBERTH'S LATIN FUSION,2427 3RD ST,SAN FRANCISCO,CA
DELESSIO MARKET & BAKERY 3,1695 MARKET ST,SAN FRANCISCO,CA
FACEBOOK - PARK TOWER,250 HOWARD ST,SAN FRANCISCO,CA
OASIS GRILL,91 DRUMM ST,SAN FRANCISCO,CA
OASIS GRILL,711B MARKET ST,SAN FRANCISCO,CA
GOLDEN STATE PIZZA & GRILL,3349 MISSION ST,SAN FRANCISCO,CA
CREPERIE SAINT GERMAIN,1750 CESAR CHAVEZ,SAN FRANCISCO,CA
WORKING GIRLS' CAFE,122 NEW MONTGOMERY ST,SAN FRANCISCO,CA
LIMON ROTISSERIE,524 VALENCIA ST,SAN FRANCISCO,CA
TROPISUENO - FSD,75 YERBA BUENA LN,SAN FRANCISCO,CA
MOONLIGHT CAFE.,634 CORTLAND AVE,SAN FRANCISCO,CA
BRICK HOUSE CAFE,426 BRANNAN ST,SAN FRANCISCO,CA
NEPALESE INDIAN RESTAURANT,1298 MARKET ST,SAN FRANCISCO,CA
TONY'S PIZZA NAPOLETANA,1570 STOCKTON ST,SAN FRANCISCO,CA
CRAB HOUSE AT PIER 39,PIER 39 UNIT 203,SAN FRANCISCO,CA
ROUND TABLE PIZZA 525,801 VAN NESS AVE,SAN FRANCISCO,CA
LORI'S DINER,500 SUTTER ST,SAN FRANCISCO,CA
SABELLA & LATORRES,2809 TAYLOR ST,SAN FRANCISCO,CA
EAGLE CAFE,1-201 EMBARCADERO,SAN FRANCISCO,CA
BIG SLICE PIZZA,1535 HAIGHT ST,SAN FRANCISCO,CA
CHEESE STEAK SHOP,1716 DIVISADERO ST,SAN FRANCISCO,CA
HOUSE OF PRIME RIB.,1906 VAN NESS AVE,SAN FRANCISCO,CA
SLIDERS DINER,1202 SUTTER ST,SAN FRANCISCO,CA
CREPE CAFE,333 JEFFERSON ST,SAN FRANCISCO,CA
POSH BAGEL,742 IRVING ST,SAN FRANCISCO,CA
GEARY DRIVE IN,2500 GEARY BLVD,SAN FRANCISCO,CA
GOODFELLAS PIZZERIA & GRILL,2237 POWELL ST,SAN FRANCISCO,CA
MONA LISA,353 COLUMBUS AVE,SAN FRANCISCO,CA
GOLDEN GATE TAP ROOM AND GRILL,449 POWELL ST,SAN FRANCISCO,CA
ROUND TABLE PIZZA #1356,851 CHERRY AVE,SAN BRUNO,CA
IKES LOVE AND SANDWICHES,901 POLK ST,SAN FRANCISCO,CA
THE FILLMORE PNTO,1805 GEARY BLVD,SAN FRANCISCO,CA
LOUS CAFE,1508 TARAVAL ST,SAN FRANCISCO,CA
CAPURROS,498 JEFFERSON ST,SAN FRANCISCO,CA
THE SOCIALITE CRAFTHOUSE & KITCHEN,79 JEFFERSON ST,SAN FRANCISCO,CA
EXTREME PIZZA,1980 UNION ST,SAN FRANCISCO,CA
BURSA,60 WEST PORTAL AVE,SAN FRANCISCO,CA
HAWTHORN,47 MAIDEN LN,SAN FRANCISCO,CA
"ROYAL EXCHANGE, THE",301 SACRAMENTO ST,SAN FRANCISCO,CA
VESUVIO CAFE.,255 COLUMBUS AVE,SAN FRANCISCO,CA
SF HOLE IN THE WALL PIZZA,1825 IRVING ST,SAN FRANCISCO,CA
KRISPY KRUNCHY CHICKEN,2660 MASON ST,SAN FRANCISCO,CA
BILL'S PLACE,2315 CLEMENT ST,SAN FRANCISCO,CA
TENNESSEE GRILL,1128 TARAVAL ST,"SAN FRANCISCO,",CA
PEARLS DELUXE BURGERS,708 POST ST,SAN FRANCISCO,CA
KEZAR PUB,770 STANYAN ST,SAN FRANCISCO,CA
TADICH GRILL,240 CALIFORNIA ST,SAN FRANCISCO,CA
MERSEA,699 AVENUE OF THE PALMS AVE,SAN FRANCISCO,CA
MAD DOG IN THE FOG,1568 HAIGHT ST,SAN FRANCISCO,CA
TOWNS END BRUNCH,2 TOWNSEND ST,SAN FRANCISCO,CA
ACQUOLINA,1600 STOCKTON ST,SAN FRANCISCO,CA
LEE'S DELI,117 NEW MONTGOMERY ST,SAN FRANCISCO,CA
LOUS CAFE,5017 GEARY BLVD,SAN FRANCISCO,CA
SEARS FINE FOODS,439 POWELL ST,SAN FRANCISCO,CA
STEPS OF ROME,401 COLUMBUS AVE,SAN FRANCISCO,CA
BIMBOS 365 CLUB,1025 COLUMBUS AVE,SAN FRANCISCO,CA
MUSTAFIOS PIZZA,1116 POLK ST,SAN FRANCISCO,CA
WETZELS PRETZELS S-738,170 OFARRELL ST,SAN FRANCISCO,CA
LE PETIT PARIS 75,515 BROADWAY,SAN FRANCISCO,CA
HOUSE OF DIM SUM,735 JACKSON ST,SAN FRANCISCO,CA
PUNCHLINE COMEDY CLUB,444 BATTERY ST,SAN FRANCISCO,CA
EMBER GRILL,670 LARKIN ST,SAN FRANCISCO,CA
OPA DELI,2401 POST ST,SAN FRANCISCO,CA
CHOWDERS,#121 PIER 39,SAN FRANCISCO,CA
PENTHOUSE,412 BROADWAY,SAN FRANCISCO,CA
MAYES OYSTER HOUSE,1233 POLK ST,SAN FRANCISCO,CA
MONA LISA MARE E MONTI,414 COLUMBUS AVE,SAN FRANCISCO,CA
THE NEW SPOT ON POLK,2401 POLK ST,SAN FRANCISCO,CA
THE BLUE LIGHT,1979 UNION ST,SAN FRANCISCO,CA
"MINT B AND R INC, THE",1942 MARKET ST,SAN FRANCISCO,CA
MOMOS**,760 2ND ST,SAN FRANCISCO,CA
STAR BAGELS,1475 POLK ST,SAN FRANCISCO,CA
CAPO'S CHICAGO**IA,641 VALLEJO ST,SAN FRANCISCO,CA
SMUGGLERS COVE,650 GOUGH ST,SAN FRANCISCO,CA
BEEPS BURGERS,1051 OCEAN AVE,SAN FRANCISCO,CA
PIZZA ZONE,555 BEACH ST,SAN FRANCISCO,CA
"HUSTLER CLUB, THE",240 COLUMBUS AVE,SAN FRANCISCO,CA
TOY SOLDIER,52 BELDEN PL,SAN FRANCISCO,CA
PARIS DESSERTS,1365 FILLMORE ST,SAN FRANCISCO,CA
MR BINGS.,201 COLUMBUS AVE,SAN FRANCISCO,CA
TACOLICIOUS,2250 CHESTNUT ST,SAN FRANCISCO,CA
PRIMO PIZZA,1064 DIVISADERO ST,SAN FRANCISCO,CA
HAWTHORN LOUNGE,46 GEARY ST,SAN FRANCISCO,CA
ROUND TABLE PIZZA 63,1503 N POINT ST,SAN FRANCISCO,CA
HOLDING COMPANY,2 EMBARCADERO CTR,SAN FRANCISCO,CA
OZZYS GRILL & CAFE,21 DRUMM ST,SAN FRANCISCO,CA
NICKS LIGHTHOUSE #2,2801 LEAVENWORTH STREET,SAN FRANCISCO,CA
Z CIOCCOLATO,474 COLUMBUS AVE,SAN FRANCISCO,CA
MIXT 21,2300 POLK ST,SAN FRANCISCO,CA
PANTA REI,431 COLUMBUS AVE,SAN FRANCISCO,CA
YEMEN KABAB & MEDITERRANEAN,39 TAYLOR ST,SAN FRANCISCO,CA
SUPER DUPER CHESNUT,2201 CHESTNUT ST,SAN FRANCISCO,CA
ONCE UPONA A DOSA,35 KEARNY ST,SAN FRANCISCO,CA
SAMMYS CAFE SF,1416 BUSH ST,SAN FRANCISCO,CA
SAN FRANCISCO ATHLETIC CLUB,1750 DIVISADERO ST,SAN FRANCISCO,CA
PIZZA JOINT,3088 BALBOA ST,SAN FRANCISCO,CA
THE HUNGRY SPOT,2077 HAYES ST,SAN FRANCISCO,CA
DONUTS & THINGS,1549 POLK ST,SAN FRANCISCO,CA
CHICOS PIZZA,468 ELLIS ST,SAN FRAN,CA
POLK MARKET,634 POLK ST,SAN FRANCISCO,CA
B ON THE GO,2794 CALIFORNIA ST,SAN FRANCISCO,CA
"BATTERY, THE",717 BATTERY ST,SAN FRANCISCO,CA
IRVING PIZZA 2,1825 IRVING ST,SAN FRANCISCO,CA
ACES,998 SUTTER ST,SAN FRANCISCO,CA
REVERB,2801 LEAVENWORTH ST,SAN FRANCISCO,CA
SPECS,250 COLUMBUS AVE,SAN FRANCISCO,CA
L & L HAWAIIAN BBQ,312 KEARNY ST,SAN FRANCISCO,CA
RED JACK SALOON,131 BAY ST,SAN FRANCISCO,CA
HA-RA CLUB,875 GEARY ST,SAN FRANCISCO,CA
TUNNEL TOP LOUNGE AND BAR,601 BUSH ST,SAN FRANCISCO,CA
LOST MARBLES BREW PUB,823 CLEMENT ST,SAN FRANCISCO,CA
MCTEAGUES SALOON,1237 POLK ST,SAN FRANCISCO,CA
ORIELLYS PUB,1840 HAIGHT ST,SAN FRANCISCO,CA
FRANCOS LATIN TABLE,24 WEST PORTAL AVE,SAN FRANCISCO,CA
FOOD & LIQUOR WORLD,726 POST ST,SAN FRANCISCO,CA
RT ROTISSERIE,101 OAK ST,SAN FRANCISCO,CA
SCARLET LOUNGE,408 CLEMENT ST,SAN FRANCISCO,CA
"RIPTIDE, THE",3639 TARAVAL ST,SAN FRANCISCO,CA
LOKMA,1801 CLEMENT ST,SAN FRANCISCO,CA
HAYES ST GRILL,320 HAYES ST,SAN FRANCISCO,CA
YOUNGS KUNG FOO ACTION THEATER AND,841 LARKIN ST,SAN FRANCISCO,CA
PIZZERIA AVELLINO,2769 LOMBARD ST,SAN FRANCISCO,CA
SEAKOR POLISH DELICATESSEN,5957 GEARY BLVD,SAN FRANCISCO,CA
SUPER DUPER IRVING,737 IRVING ST,SAN FRANCISCO,CA
PAPA MAKS BURGERS,3755 NORIEGA ST,SAN FRANCISCO,CA
BURGER LITTLES,4 EMBARCADERO CTR,SAN FRANCISCO,CA
THE CRAB STATION,2803 TAYLOR ST,SAN FRANCISCO,CA
TAISHO SF,1161 POST ST,SAN FRANCISCO,CA
MARINA DELI & LIQUORS,2299 CHESTNUT ST,SAN FRANCISCO,CA
FOOD BASKET MARKET DELI,475 FELL ST,SAN FRANCISCO,CA
YEMEN KITCHEN,219 JONES ST,SAN FRANCISCO,CA
KOZY KAR*NSF,1548 POLK ST,SAN FRANCISCO,CA
LITTLE SHAMROCK,807 LINCOLN WAY,SAN FRANCISCO,CA
HUSTLER CLUB SFBAR NON ALOCOL,1031 KEARNY ST,SAN FRANCISCO,CA
HI-WAY HAMBURGER COLUMBUS,411 COLUMBUS AVE,SAN FRANCISCO,CA
HARRY'S BAR,2020 FILLMORE ST,SAN FRANCISCO,CA
LOUS CAFE,275 BATTERY ST,SAN FRANCISCO,CA
SUPER DUPER CALIFORNIA ST,3401 CALIFORNIA ST,SAN FRANCISCO,CA
CENTERFOLDS,391 BROADWAY,SAN FRANCISCO,CA
CAFE BUENOS AIRES,644 POLK ST,SAN FRANCISCO,CA
IZZY & WOOKS,865 MARKET ST STE FE 10,SAN FRANCISCO,CA
LOUS CAFE PINE STREET,100 PINE ST,SAN FRANCISCO,CA
CHAMBERS EAT & DRINK,601 EDDY ST,SAN FRANCISCO,CA
MUSIC CITY,1355 BUSH ST,SAN FRANCISCO,CA
ONIGILLY KEARNY,343 KEARNY ST,SAN FRANCISCO,CA
CAFE TERMINUS,16 CALIFORNIA ST,SAN FRANCISCO,CA
JOHNNY FOLEYS,243 OFARRELL ST,SAN FRAN,CA
JACKALOPE,1092 POST ST,SAN FRANCISCO,CA
MATADOR,679 SUTTER ST,SAN FRANCISCO,CA
PUFF KING,1047 POLK ST,SAN FRANCISCO,CA
ALCATRAZ CRUISES,33 SOUTHARD PL,SAN FRANCISCO,CA
PIZZA ORGASMICA,823 CLEMENT ST,SAN FRANCISCO,CA
SABOR GAUCHO,1500 BROADWAY,SAN FRANCISCO,CA
MEDITERRANEAN AROMA,900 16TH ST,SAN FRANCISCO,CA
FISHERMANS GROTT,9 FISHERMANS WHARF,SAN FRANCISCO,CA
FIRENZE BY NIGHT RISTORANTE,1429 STOCKTON ST,SAN FRANCISCO,CA
CANTOO LATIN ASIAN ROTISSERIE,572 OFARRELL ST,SAN FRANCISCO,CA
TIMEOUT TAVERN,1750 DIVISADERO ST,SAN FRANCISCO,CA
NICK'S CRISPY TACOS,1500 BROADWAY,SAN FRANCISCO,CA
MIXT 1 114 SANSOME,114 SANSOME ST,SAN FRANCISCO,CA
CAFE ASIA @ ASIAN ART MUSEUM,200 LARKIN ST,SAN FRANCISCO,CA
GEELOU,3251 SCOTT ST,SAN FRANCISCO,CA
SWEET HEAVEN,51 JEFFERSON ST,SAN FRANCISCO,CA
PRONTO PIZZA,798 EDDY ST,SAN FRANCISCO,CA
MURPHYS PUB -FSD,217 KEARNY ST,SAN FRANCISCO,CA
INGA DONUTS,1026 HYDE ST,SAN FRANCISCO,CA
WILDER SF PNTO,3154 FILLMORE ST,SAN FRANCISCO,CA
ASIAN BOX SAN FRANCISCO,2031 CHESTNUT ST,SAN FRANCISCO,CA
WISE SONS BAKERY,1520 FILLMORE ST,SAN FRANCISCO,CA
FOGHORN TAP ROOM,534 IRVING ST,SAN FRANCISCO,CA
HONEY HONEY,599 POST ST,SAN FRANCISCO,CA
US COAST GUARD SECTOR SAN FRANCISCO,1 YERBA BUENA RD,SAN FRANCISCO,CA
AYOLA,327 KEARNY ST,SAN FRANCISCO,CA
AL PASTOR PAPI,232 OFARRELL ST,SAN FRANCISCO,CA
QUEEN'S LOUISIANA PO BOYS CAFE,PEIR 33,SAN FRANCISCO,CA
HAWAII WEST,729 VALLEJO ST,SAN FRANCISCO,CA
FOGHORN TAPROOM,450 BALBOA ST,SAN FRANCISCO,CA
WESTWOOD,2036 LOMBARD ST,SAN FRANCISCO,CA
SABROSA PIZZA,4124 GEARY BLVD,SAN FRANCISCO,CA
LITTLE CAESARS #0001-5045,2000 HOMESTEAD RD,SANTA CLARA,CA
PIZZA GUYS #183,1998 HOMESTEAD RD,SANTA CLARA,CA
ST JOHN'S,510 LAWRENCE EXPY,SUNNYVALE,CA
NICK THE GREEK,2855 STEVENS CREEK BLVD,SAN JOSE,CA
KOJA KITCHEN,2855 STEVENS CREEK BLVD,SANTA CLARA,CA
SLICE HOUSE,2565 CALIFORNIA ST,MOUNTAIN VIEW,CA
PIZZA HUT #11668,464 N MATHILDA AVE,SUNNYVALE,CA
JERSEY MIKE'S SUBS 20211A,1167 W EL CAMINO REAL,SUNNYVALE,CA
WAGON WHEEL BBQ,861 LEONG DR,MOUNTAIN VIEW,CA
NICK THE GREEK SANTA CLARA,2002 EL CAMINO REAL,SANTA CLARA,CA
MOUNTAIN MIKE'S PIZZA 396,1765 E BAYSHORE RD Ste C,EAST PALO ALTO,CA
MOUNTAIN MIKES PIZZA,1290 FRANKLIN MALL,SANTA CLARA,CA
L & L HAWAIIAN BARBEQUE,3580 HOMESTEAD RD,SANTA CLARA,CA
"SCHAUBS MEATS, FISH AND POULTRY",395 STANFORD SHOPPING CTR,PALO ALTO,CA
L & L HAWAIIAN BBQ,2430 CHARLESTON RD,MOUNTAIN VIEW,CA
AQUI CAL MEX GRILL,10630 S DE ANZA BLVD,CUPERTINO,CA
FAULTLINE BREWING COMPANY,1235 OAKMEAD PKWY,SUNNYVALE,CA
MOUNTAIN MIKES PIZZA,2011 NAGLEE AVE,SAN JOSE,CA
MOUNTAIN MIKES PIZZA,848 E EL CAMINO REAL,SUNNYVALE,CA
ARMADILLO WILLYS,161 E EL CAMINO REAL,SUNNYVALE,CA
ROUND TABLE PIZZA #215,5180 STEVENS CREEK BLVD Ste 10,SAN JOSE,CA
URBAN PLATES,3055 OLIN AVE,SAN JOSE,CA
NICK THE GREEK SUNNYVALE,1687 HOLLENBECK AVE,SUNNYVALE,CA
MOUNTAIN MIKES PIZZA,1001 EL CAMINO REAL,MENLO PARK,CA
NICK THE GREEK,298 CASTRO ST,MOUNTAIN VIEW,CA
NBR TOMATINA -SANTA CLARA,3127 MISSION COLLEGE BLVD,SANTA CLARA,CA
ROUND TABLE PIZZA 003,702 COLORADO AVE,PALO ALTO,CA
NICK THE GREEK PALO ALTO,322 UNIVERSITY AVE,PALO ALTO,CA
TONY AND ALBAS PIZZA,3137 STEVENS CREEK BLVD,SAN JOSE,CA
CHEESE STEAK SHOP SV,832 W EL CAMINO REAL,SUNNYVALE,CA
MOUNTAIN MIKE'S PIZZA 207,3918 MIDDLEFIELD RD Ste B,PALO ALTO,CA
MOUNTAIN MIKES PIZZA,1724 MIRAMONTE AVE,MOUNTAIN VIEW,CA
MOUNTAIN MIKES PIZZA,2510 AUGUSTINE DR,SANTA CLARA,CA
ROUND TABLE PIZZA 1130,415 N MARY AVE,SUNNYVALE,CA
URBAN PLATES,300 W MC KINLEY AVE,SUNNYVALE,CA
HOUSE OF BAGELS,1712 MIRAMONTE AVE Ste D,MOUNTAIN VIEW,CA
ROUND TABLE PIZZA #1134,3730 N 1ST ST,SAN JOSE,CA
SANTOUKA,675 SARATOGA AVE,SAN JOSE,CA
ROUND TABLE PIZZA #1342,2615 THE ALAMEDA,SANTA CLARA,CA
ARMADILLO WILLY'S,2624 HOMESTEAD RD,SANTA CLARA,CA
NICK THE GREEK,2223 BUSINESS CIR,SAN JOSE,CA
LE BOULANGER MOUNTAIN VIEW,650 CASTRO ST,MOUNTAIN VIEW,CA
CITY FISH CUPERTINO,21678 STEVENS CREEK BLVD,CUPERTINO,CA
IKES SANDWICHES SANTA CLARA,2235 THE ALAMEDA,SANTA CLARA,CA
LE BOULANGER LOS ALTOS,301 MAIN ST,LOS ALTOS,CA
BILL'S CAFE- THE ALAMEDA,2089 THE ALAMEDA,SAN JOSE,CA
POSH BAGEL.,869 SANTA CRUZ AVE,MENLO PARK,CA
DONUT DELITE,732 WILLOW RD,MENLO PARK,CA
LEFT BANK-SAN JOSE FSD,377 SANTANA ROW,SAN JOSE,CA
L B STEAK - FSD,334 SANTANA ROW,SAN JOSE,CA
IKE'S LOVE AND SANDWICHES SANTANA R,3098 OLSEN DR,SAN JOSE,CA
PREMIER PIZZA #2,3944 RIVERMARK PLZ,SANTA CLARA,CA
SPREADZ.*,850 CHARCOT AVE,SAN JOSE,CA
IKES SANDWICHES CUPERTINO,21000 STEVENS CREEK,CUPERTINO,CA
BILLS CAFE STEVENS CREEK,5124 STEVENS CREEK BLVD,SAN JOSE,CA
IKES OF SUNNYVALE,"1253 W EL CAMINO REAL, SUITE A",SUNNYVALE,CA
CRAMERS BAGELS,495 EL CAMINO REAL,SANTA CLARA,CA
HOUSE OF BAGELS,4300 GREAT AMERICA PKWY,SANTA CLARA,CA
POSH BAGELS,1040 GRANT RD Ste 185,MOUNTAIN VIEW,CA
SIZZLING LUNCH,10033 SAICH WAY,CUPERTINO,CA
BILLS CAFE-N BASCOM,302 N BASCOM AVE,SAN JOSE,CA
BLUE LINE PIZZA,146 CASTRO ST,MOUNTAIN VIEW,CA
GUMBAS RESTAURANT,176 S MURPHY AVE,SUNNYVALE,CA
SMOKING PIG BBQ,530 NEWHALL DR STE 5,SAN JOSE,CA
THE MINI GOURMET,599 S BASCOM AVE,SAN JOSE,CA
POKE BAR SANTANA ROW,3055 OLIN AVE,SAN JOSE,CA
O'CONNOR HOSPITAL,2105 FOREST AVE,SAN JOSE,CA
PENNINSULA CREAMERY,900 HIGH ST,PALO ALTO,CA
UNA MAS SANTA CLARA,2376 EL CAMINO REAL,SANTA CLARA,CA
NEW YORK PIZZA,1040 GRANT RD,MOUNTAIN VIEW,CA
HOUSE OF BAGELS SUNNYVALE,1681 HOLLENBECK AVE,SUNNYVALE,CA
INI BURGER,3555 MONROE ST,SANTA CLARA,CA
FAZ RESTAURANT SAN JOSE,181 E TASMAN DR,SAN JOSE,CA
GIORGIOS MTN VIEW,939 W EL CAMINO REAL,MOUNTAIN VIEW,CA
IKES OF MOUNTAIN VIEW,1020 N RENGSTORFF AVE STE E,MOUNTAIN VIEW,CA
BUFFALO WILD WINGS #4082,2364 EL CAMINO REAL,SANTA CLARA,CA
IKE'S PALO ALTO,401 LYTTON AVE,PALO ALTO,CA
TASTY INDIAN PIZZA,528 LAWRENCE EXPY,SUNNYVALE,CA
SAUCED BBQ SAN JOSE,3055 OLIN AVE STE 1005,SAN JOSE,CA
SIZZLING LUNCH,1760 MIRAMONTE AVE,MOUNTAIN VIEW,CA
TERIYAKI MADNESS #123,2020 WYATT DR STE 120,SANTA CLARA,CA
PAPA JOHNS 3624,571 W EL CAMINO REAL,MOUNTAIN VIEW,CA
ZPIZZA,1190 N FAIR OAKS AVE,SUNNYVALE,CA
POSH BAGEL LOS ALTOS,310 MAIN ST,LOS ALTOS,CA
BAGEL STREET CAFE MOUNTAIN VIEW,1049 EL MONTE AVE,MOUNTAIN VIEW,CA
SHOW DE CARNES,3398 EL CAMINO REAL,PALO ALTO,CA
ALPINE INN,3915 ALPINE RD,PORTOLA VALLEY,CA
ROUND TABLE PIZZA 1128,570 N SHORELINE BLVD,MOUNTAIN VIEW,CA
LEGENDS PIZZA,19732 STEVENS CREEK BLVD,CUPERTINO,CA
LEFT BANK-MENLO PARK FSD,635 SANTA CRUZ AVE,MENLO PARK,CA
HOUSE OF BAGELS PALO ALTO,2190 W BAYSHORE RD,EAST PALO ALTO,CA
BAGEL ST MENLO CAFE.,746 SANTA CRUZ AVE,MENLO PARK,CA
RANGOON RUBY,445 EMERSON ST,PALO ALTO,CA
GARRETTS BAR & GRILL,605 MACARA AVE,SUNNYVALE,CA
MAIN ST BAGEL,666 FREMONT AVE,LOS ALTOS,CA
UNA MAS,548 LAWRENCE EXPY,SUNNYVALE,CA
NORMANDY HOUSE LOUNGE,30 WASHINGTON ST,SANTA CLARA,CA
MESO,3060 OLSEN DR,SAN JOSE,CA
LEFT WING,3090 OLSEN DR,SAN JOSE,CA
TONYS PIZZA,820 WILLOW RD,MENLO PARK,CA
OFF THE RAILS BREWING CO,111 S MURPHY AVE,SUNNYVALE,CA
IGUANAS,4300 GREAT AMERICA PKWY STE 116,SANTA CLARA,CA
GREEK SPOT,604 S MARY AVE,SUNNYVALE,CA
POLLO CAMPERO,949 RUFF DR,SAN JOSE,CA
IGUANAS BURRITOZILLA,4300 GREAT AMERICA PKWY,SANTA CLARA,CA
ORIGINAL PANCAKE HOUSE,420 S SAN ANTONIO RD,LOS ALTOS,CA
DA SILVA'S BRONCOS,1251 FRANKLIN MALL,SANTA CLARA,CA
EL TACO DE ORO,5220 N 1ST ST,ALVISO,CA
ASIAN BOX,855 EL CAMINO REAL,PALO ALTO,CA
KALS BAR B.Q.,425 N MATHILDA AVE,SUNNYVALE,CA
VONS CHICKEN,1082 E EL CAMINO REAL,SUNNYVALE,CA
SUPER BURRITO,1671 HOLLENBECK AVE,SUNNYVALE,CA
KOBE RESTAURANT,2086 EL CAMINO REAL,SANTA CLARA,CA
THIRSTY'S,1031 MONROE ST,SANTA CLARA,CA
ROUND TABLE PIZZA,1225 EL CAMINO REAL,MENLO PARK,CA
POKE HOUSE MOUNTAIN VIEW,1040 GRANT RD,MOUNTAIN VIEW,CA
HOUSE OF BAGELS SANTA CLARA,5231 STEVENS CREEK BLVD,SANTA CLARA,CA
UME CHINESE,2595 N 1ST ST,SAN JOSE,CA
LA FONTAINE,186 CASTRO ST,MOUNTAIN VIEW,CA
SAKOON,357 CASTRO ST,MOUNTAIN VIEW,CA
SAKOON,3701 EL CAMINO REAL,SANTA CLARA,CA
POMPEII RISTIORANTE,100 STATE ST,LOS ALTOS,CA
TACOLICIOUS,632 EMERSON ST,PALO ALTO,CA
MIO VICINO,1290 BENTON ST,SANTA CLARA,CA
BLAST & BREW SAN JOSE,55 RIVER OAKS PL,SAN JOSE,CA
WOKS ON EXPRESS TIEN FU 2,156 W EL CAMINO REAL,SUNNYVALE,CA
TAQUERIA VALLARTA,2525 SCOTT BLVD,SANTA CLARA,CA
LA SALSA,660 SAN ANTONIO RD Ste A,MOUNTAIN VIEW,CA
WETZEL'S PRETZELS,2855 STEVENS CREEK BLVD,SANTA CLARA,CA
DUTCH GOOSE,3567 ALAMEDA DE LAS PULGAS,MENLO PARK,CA
BAGEL STREET CAFE SUNNYVALE,346 W MAUDE AVE,SUNNYVALE,CA
THE DON'S DELI,2105 OLD MIDDLEFIELD WAY,MOUNTAIN VIEW,CA
AGAVE,194 CASTRO ST,MOUNTAIN VIEW,CA
SLICE OF HOMAGE PIZZA,1253 W EL CAMINO REAL,SUNNYVALE,CA
HOUSE OF FALAFEL,19590 STEVENS CREEK BLVD,CUPERTINO,CA
CAFE PRO BONO,2437 BIRCH ST,PALO ALTO,CA
BASKIN ROBBINS 361063,2070 EL CAMINO REAL,SANTA CLARA,CA
CAFE 220,220 UNIVERSITY AVE,PALO ALTO,CA
MACARTHUR PARK RESTAURANT,27 UNIVERSITY AVE,PALO ALTO,CA
TONY CATERS,5202 N 1ST ST,SAN JOSE,CA
BLAST & BREW SAN JOSE,55 RIVER OAKS PL,SAN JOSE,CA
DOPPIO ZERO - MOUNTAIN VIEW,160 CASTRO ST,MOUNTAIN VIEW,CA
BEEFYS CABIN SUNNYVALE,693 GRAPE AVE,SUNNYVALE,CA
CAMPER,898 SANTA CRUZ AVE,MENLO PARK,CA
LOS ALTOS GRILL BANDERA,233 3RD ST,LOS ALTOS,CA
BASKIN ROBBINS 360119,1137 S DE ANZA BLVD,SAN JOSE,CA
CURRY UP NOW SAN JOSE*PAST DUE*,3250 ZANKER RD UNT 30,SAN JOSE,CA
ARMADILLO WILLY'S,1031 N SAN ANTONIO RD,LOS ALTOS,CA
KABAS & CURRYS,20007 STEVENS CREEK BLVD,CUPERTINO,CA
KALS BAR B.Q.,425 N MATHILDA AVE,SUNNYVALE,CA
337004HOWIES ARTISAN PIZZA,855 EL CAMINO REAL,PALO ALTO,CA
CONSUELO MEXICAN BISTRO,377 SANTANA ROW STE 125,SAN JOSE,CA
